Model Name : BEYOND 1
Lot No : beyond 1
Test Start Time : 2020-12-15 08-04-19
Channel Serial : PM16113017,PM16113018,PM16113009,PM16114002,TPSPMP-017,PM16114028,PM16113011,PM16113012,PM16113001,PM16113002,PM16112015,PM16112013,PM16114019,PM16114020,PM16912005,PM16912006,PM16114003,PM16114004,PM16114007,PM16113019,PM16113013,PM16114032,PM16912003,PM16114023,PM16113013,PM16113020,PM16114025,PM16114026,PM19612005,PM16114006,PM16113015,PM16113016,PM16113009,PM16114007,PM19612005,PM19612006,PM16114037,PM16114038,PM20706001,PM20706002


,,,,,,,,,,,,,,,,,,,,,,,,,,,,,,,,,,,,,,,,,,,,,,,,,,,,,,,,,,,,,,,,,,
Count,Total Result,Serial Number,Contact,,,Wake up,,Impedance,,,,,,,,,,,,,,,,Consumption Current,,,,OVP U1,,,,UVP U1,,,,ODCP U1,,,,OCCP U1,,,,OVP U2,,,,UVP U2,,,,ODCP U2,,,,OCCP U2,,,,Sensing Resistor,,,Step Result,Temperature,Test Time,Test Channel
,,,Judgment,S1 Voltage,S2 Voltage,Judgment,Pack Voltage,Judgment,B+ to P+ Voltage,B+ to P+ Current,B+ to P+ IR,B-1 to B-2 Voltage,B-1 to B-2 Current,B-1 to B-2 IR,B-2 to P-1 Voltage,B-2 to P-1 Current,B-2 to P-1 IR,P-1 to P-2 Voltage,P-1 to P-2 Current,P-1 to P-2 IR,Total Voltage,Total Current,Total IR,Judgment,Normal,Sleep,Power Down,Judgment,Protection Delay,Protection Voltage,Release Voltage,Judgment,Protection Delay,Protection Voltage,Release Voltage,Judgment,Protection Delay,Protection Current,Release,Judgment,Protection Delay,Protection Current,Release,Judgment,Protection Delay,Protection Voltage,Release Voltage,Judgment,Protection Delay,Protection Voltage,Release Voltage,Judgment,Protection Delay,Protection Current,Release,Judgment,Protection Delay,Protection Current,Release,Judgment,Res 1,Res 2,,,,
,,,(OK/NG),0 ~ 100 (mV),0 ~ 100 (mV),(OK/NG),3850 ~ 3950 (mV),(OK/NG),(mV),(mA),5.0 ~ 20.0 (mohm),(mV),(mA),10.0 ~ 20.0 (mohm),(mV),(mA),0.0 ~ 100.0 (mohm),(mV),(mA),10.0 ~ 100.0 (mohm),(mV),(mA),40.0 ~ 57.0 (mohm),(OK/NG),3.00 ~ 10.40 (uA),0.00 ~ 0.00 (uA),0.00 ~ 1.00 (uA),(OK/NG),750.00 ~ 1250.00 (msec),4415 ~ 4445 (mV),4175 ~ 4275 (mV),(OK/NG),75.00 ~ 125.00 (msec),2400 ~ 2600 (mV),2420 ~ 2620 (mV),(OK/NG),8.40 ~ 15.60 (msec),5650 ~ 11300 (mA),(OK/NG),(OK/NG),5.52 ~ 11.48 (msec),4050 ~ 11300 (mA),(OK/NG),(OK/NG),750.00 ~ 1250.00 (msec),4465 ~ 4495 (mV),4225 ~ 4325 (mV),(OK/NG),75.00 ~ 125.00 (msec),2200 ~ 2400 (mV),2220 ~ 2420 (mV),(OK/NG),15.00 ~ 38.40 (msec),5650 ~ 12600 (mA),(OK/NG),(OK/NG),24.30 ~ 40.70 (msec),4750 ~ 12600 (mA),(OK/NG),(OK/NG),0.485 ~ 0.535 (kohm),0.485 ~ 0.535 (kohm),,,,
1,OK,,OK,4,3,OK,3900,OK,3.9900,300,13.3,3.8100,300,12.7,0.1200,300,0.4,7.8900,300,26.3,15.5100,300,51.7,OK,4.10,0,0.31,OK,1046.94,4433,4229,OK,96.13,2511,2515,OK,12.07,7389,OK,OK,7.73,7392,OK,OK,1059.25,4483,4274,OK,97.30,2309,2313,OK,33.47,8205,OK,OK,32.20,8178,OK,OK,0.513,0.516,OOOOOOOOOOOOOOOOOOOOOOOOOOOOOOOOOOOOOOOOOOOOOOOOOOOOOOOOOOOO,0.0,2020-12-15 08:05:23,01
2,OK,,OK,1,2,OK,3899,OK,3.4200,300,11.4,4.0800,300,13.6,0.0000,300,0.0,7.8000,300,26.0,15.3000,300,51.0,OK,4.10,0,0.35,OK,1051.48,4426,4221,OK,96.84,2507,2511,OK,12.07,7319,OK,OK,7.73,7152,OK,OK,937.65,4484,4275,OK,86.29,2305,2308,OK,29.14,7348,OK,OK,28.71,7352,OK,OK,0.516,0.524,OOOOOOOOOOOOOOOOOOOOOOOOOOOOOOOOOOOOOOOOOOOOOOOOOOOOOOOOOOOO,0.0,2020-12-15 08:05:23,02
3,OK,,OK,3,4,OK,3901,OK,3.6000,300,12.0,3.8700,300,12.9,0.0900,300,0.3,8.0100,300,26.7,15.6300,300,52.1,OK,4.03,0,0.40,OK,986.61,4432,4228,OK,91.09,2509,2512,OK,11.23,7317,OK,OK,7.31,7516,OK,OK,1027.64,4488,4280,OK,93.53,2302,2307,OK,32.21,7937,OK,OK,31.78,8152,OK,OK,0.502,0.522,OOOOOOOOOOOOOOOOOOOOOOOOOOOOOOOOOOOOOOOOOOOOOOOOOOOOOOOOOOOO,0.0,2020-12-15 08:05:23,03
4,OK,,OK,1,1,OK,3898,OK,3.4800,300,11.6,4.0800,300,13.6,0.1200,300,0.4,7.8000,300,26.0,15.4800,300,51.6,OK,4.02,0,0.28,OK,1009.17,4428,4225,OK,92.71,2511,2515,OK,11.79,7722,OK,OK,7.45,7825,OK,OK,1008.54,4480,4274,OK,93.02,2297,2301,OK,31.24,7377,OK,OK,30.81,7611,OK,OK,0.532,0.512,OOOOOOOOOOOOOOOOOOOOOOOOOOOOOOOOOOOOOOOOOOOOOOOOOOOOOOOOOOOO,0.0,2020-12-15 08:05:23,04
5,NG,,OK,3,6,OK,3900,OK,4.0200,300,13.4,3.6300,300,12.1,0.0000,300,0.0,7.7100,300,25.7,15.0600,300,50.2,OK,4.13,0,0.27,OK,1006.69,4433,4226,OK,91.84,2501,2506,OK,11.51,7374,OK,OK,7.45,7405,OK,OK,1037.95,4480,4270,OK,95.22,2302,2306,OK,32.92,8320,OK,OK,31.65,8343,OK,NG,18325.014,0.514,OOOOOOOOOOOOOOOOOOOOOOOOOOOOOOOOOOOOOOOOOOOOOOOOOOOOOOOOOXXO,0.0,2020-12-15 08:05:23,05
6,NG,,OK,5,5,OK,3893,OK,3.4200,300,11.4,3.7200,300,12.4,0.0300,300,0.1,8.1600,300,27.2,15.3300,300,51.1,OK,4.12,0,0.35,OK,995.73,4432,4225,OK,92.16,2503,2507,OK,11.37,7386,OK,OK,7.45,7505,OK,OK,1001.36,4481,4272,OK,92.12,2306,2309,OK,31.66,8223,OK,OK,30.67,8343,OK,NG,10940.932,0.498,OOOOOOOOOOOOOOOOOOOOOOOOOOOOOOOOOOOOOOOOOOOOOOOOOOOOOOOOOXXO,0.0,2020-12-15 08:05:23,06
7,OK,,OK,2,3,OK,3899,OK,3.8700,300,12.9,3.8100,300,12.7,0.0000,300,0.0,8.0700,300,26.9,15.7500,300,52.5,OK,4.03,0,0.26,OK,1054.10,4430,4224,OK,96.64,2507,2510,OK,11.93,7210,OK,OK,7.73,7342,OK,OK,980.16,4479,4270,OK,90.68,2306,2309,OK,30.68,7793,OK,OK,30.10,8019,OK,OK,0.501,0.509,OOOOOOOOOOOOOOOOOOOOOOOOOOOOOOOOOOOOOOOOOOOOOOOOOOOOOOOOOOOO,0.0,2020-12-15 08:05:23,07
8,OK,,OK,4,3,OK,3899,OK,3.5400,300,11.8,3.6900,300,12.3,0.0300,300,0.1,7.8900,300,26.3,15.1500,300,50.5,OK,4.10,0,0.30,OK,1028.77,4429,4225,OK,95.06,2508,2511,OK,11.97,7690,OK,OK,7.73,7772,OK,OK,1087.96,4475,4261,OK,99.21,2301,2305,OK,34.31,8136,OK,OK,33.32,8326,OK,OK,0.501,0.502,OOOOOOOOOOOOOOOOOOOOOOOOOOOOOOOOOOOOOOOOOOOOOOOOOOOOOOOOOOOO,0.0,2020-12-15 08:05:23,08
9,NG,,OK,6,6,OK,3899,OK,4.0200,300,13.4,3.8100,300,12.7,0.0600,300,0.2,9.1200,300,30.4,16.2600,300,54.2,OK,4.03,0,0.27,OK,1068.45,4430,4227,OK,98.48,2507,2510,OK,12.21,7147,OK,OK,7.87,7001,OK,OK,1028.50,4478,4270,OK,94.89,2304,2308,OK,32.35,7916,OK,OK,31.78,8232,OK,NG,0.498,9177.466,OOOOOOOOOOOOOOOOOOOOOOOOOOOOOOOOOOOOOOOOOOOOOOOOOOOOOOOOOXOX,0.0,2020-12-15 08:05:23,09
10,NG,,OK,1,1,OK,3899,OK,3.6000,300,12.0,3.8100,300,12.7,0.1200,300,0.4,7.9200,300,26.4,15.1500,300,50.5,OK,4.04,0,0.27,OK,1038.77,4430,4227,OK,94.87,2508,2512,OK,11.93,7410,OK,OK,7.73,7532,OK,OK,1085.66,4478,4274,OK,98.31,2304,2308,OK,34.03,7919,OK,OK,33.04,8269,OK,NG,0.514,81934.180,OOOOOOOOOOOOOOOOOOOOOOOOOOOOOOOOOOOOOOOOOOOOOOOOOOOOOOOOOXOX,0.0,2020-12-15 08:05:23,10
11,OK,,OK,5,5,OK,3891,OK,3.7200,300,12.4,3.9600,300,13.2,0.1200,300,0.4,7.6200,300,25.4,15.7200,300,52.4,OK,4.23,0,0.31,OK,1017.85,4432,4229,OK,93.73,2502,2508,OK,11.65,7383,OK,OK,7.59,7504,OK,OK,951.16,4486,4277,OK,87.87,2303,2308,OK,29.56,7464,OK,OK,29.13,7598,OK,OK,0.497,0.509,OOOOOOOOOOOOOOOOOOOOOOOOOOOOOOOOOOOOOOOOOOOOOOOOOOOOOOOOOOOO,0.0,2020-12-15 08:05:23,11
12,OK,,OK,3,3,OK,3905,OK,3.7500,300,12.5,3.6300,300,12.1,0.0300,300,0.1,8.1300,300,27.1,15.5400,300,51.8,OK,4.10,0,0.24,OK,993.15,4430,4222,OK,91.69,2508,2511,OK,11.51,7414,OK,OK,7.45,7425,OK,OK,1063.52,4482,4285,OK,97.60,2299,2303,OK,33.89,8371,OK,OK,33.04,8719,OK,OK,0.513,0.504,OOOOOOOOOOOOOOOOOOOOOOOOOOOOOOOOOOOOOOOOOOOOOOOOOOOOOOOOOOOO,0.0,2020-12-15 08:05:23,12
13,OK,,OK,4,6,OK,3899,OK,3.7800,300,12.6,3.6900,300,12.3,0.0300,300,0.1,8.0700,300,26.9,15.5700,300,51.9,OK,4.11,0,0.27,OK,1039.30,4434,4229,OK,95.98,2504,2508,OK,11.79,6882,OK,OK,7.73,7072,OK,OK,986.29,4486,4278,OK,90.74,2307,2310,OK,31.24,8027,OK,OK,30.81,8411,OK,OK,0.510,0.511,OOOOOOOOOOOOOOOOOOOOOOOOOOOOOOOOOOOOOOOOOOOOOOOOOOOOOOOOOOOO,0.0,2020-12-15 08:05:23,13
14,OK,,OK,4,4,OK,3899,OK,3.6300,300,12.1,3.6000,300,12.0,0.0300,300,0.1,7.8000,300,26.0,15.0600,300,50.2,OK,4.01,0,0.28,OK,992.69,4430,4225,OK,91.64,2502,2507,OK,11.37,7406,OK,OK,7.31,7526,OK,OK,1124.12,4482,4275,OK,102.61,2305,2309,OK,35.99,8590,OK,OK,34.58,8404,OK,OK,0.506,0.532,OOOOOOOOOOOOOOOOOOOOOOOOOOOOOOOOOOOOOOOOOOOOOOOOOOOOOOOOOOOO,0.0,2020-12-15 08:05:23,14
15,NG,,OK,5,5,OK,3899,OK,3.7200,300,12.4,3.6600,300,12.2,0.0000,300,0.0,7.7700,300,25.9,15.1500,300,50.5,OK,4.11,0,0.29,OK,973.31,4433,4227,OK,89.68,2499,2504,OK,11.23,7537,OK,OK,7.17,7488,OK,OK,1082.54,4484,4277,OK,100.15,2302,2305,OK,34.17,8168,OK,OK,33.46,8185,OK,NG,10305.624,0.507,OOOOOOOOOOOOOOOOOOOOOOOOOOOOOOOOOOOOOOOOOOOOOOOOOOOOOOOOOXXO,0.0,2020-12-15 08:05:23,15
16,NG,,OK,4,3,OK,3899,OK,3.6300,300,12.1,3.8400,300,12.8,0.0000,300,0.0,8.0700,300,26.9,15.5400,300,51.8,OK,4.05,0,0.30,OK,1066.44,4430,4226,OK,97.65,2509,2514,OK,12.21,7147,OK,OK,8.01,7369,OK,OK,1072.82,4480,4273,OK,97.11,2299,2302,OK,33.62,7783,OK,OK,32.90,7881,OK,NG,16435.684,0.512,OOOOOOOOOOOOOOOOOOOOOOOOOOOOOOOOOOOOOOOOOOOOOOOOOOOOOOOOOXXO,0.0,2020-12-15 08:05:23,16
17,OK,,OK,2,2,OK,3897,OK,3.8100,300,12.7,3.9300,300,13.1,0.1200,300,0.4,7.8600,300,26.2,15.7200,300,52.4,OK,4.07,0,0.29,OK,1034.12,4430,4225,OK,95.00,2500,2504,OK,11.79,7232,OK,OK,7.73,7582,OK,OK,993.51,4484,4277,OK,92.53,2306,2310,OK,31.10,7709,OK,OK,30.38,7686,OK,OK,0.518,0.504,OOOOOOOOOOOOOOOOOOOOOOOOOOOOOOOOOOOOOOOOOOOOOOOOOOOOOOOOOOOO,0.0,2020-12-15 08:05:23,17
18,OK,,OK,2,2,OK,3896,OK,3.6000,300,12.0,3.5700,300,11.9,0.2100,300,0.7,7.6500,300,25.5,15.0300,300,50.1,OK,4.00,0,0.24,OK,977.88,4436,4230,OK,90.15,2507,2510,OK,11.23,7337,OK,OK,7.31,7396,OK,OK,1085.61,4485,4276,OK,99.25,2315,2319,OK,34.60,8574,OK,OK,33.46,8495,OK,OK,0.510,0.518,OOOOOOOOOOOOOOOOOOOOOOOOOOOOOOOOOOOOOOOOOOOOOOOOOOOOOOOOOOOO,0.0,2020-12-15 08:05:23,18
19,NG,,OK,5,5,OK,3898,OK,3.0300,300,10.1,3.8100,300,12.7,0.0300,300,0.1,7.7700,300,25.9,15.2400,300,50.8,OK,4.27,0,0.29,OK,1021.06,4426,4222,OK,93.89,2507,2512,OK,11.93,7650,OK,OK,7.59,7624,OK,OK,1055.60,4482,4270,OK,97.22,2298,2302,OK,33.05,7719,OK,OK,32.20,7918,OK,NG,0.504,12648.855,OOOOOOOOOOOOOOOOOOOOOOOOOOOOOOOOOOOOOOOOOOOOOOOOOOOOOOOOOXOX,0.0,2020-12-15 08:05:23,19
20,NG,,OK,4,3,OK,3898,OK,3.9300,300,13.1,3.7800,300,12.6,0.0000,300,0.0,8.0400,300,26.8,15.7500,300,52.5,OK,4.13,0,0.28,OK,1055.41,4431,4228,OK,96.83,2502,2506,OK,12.07,7359,OK,OK,7.87,7351,OK,OK,975.61,4481,4272,OK,89.10,2301,2304,OK,30.26,7507,OK,OK,29.83,7761,OK,NG,0.489,14918.436,OOOOOOOOOOOOOOOOOOOOOOOOOOOOOOOOOOOOOOOOOOOOOOOOOOOOOOOOOXOX,0.0,2020-12-15 08:05:23,20
21,OK,,OK,4,4,OK,3906,OK,3.0600,300,10.2,3.8400,300,12.8,0.0600,300,0.2,7.8900,300,26.3,15.4500,300,51.5,OK,4.09,0,0.32,OK,1058.72,4428,4224,OK,98.27,2508,2512,OK,12.21,7467,OK,OK,7.87,7591,OK,OK,1055.25,4481,4271,OK,96.59,2307,2311,OK,33.19,7968,OK,OK,32.06,8179,OK,OK,0.505,0.507,OOOOOOOOOOOOOOOOOOOOOOOOOOOOOOOOOOOOOOOOOOOOOOOOOOOOOOOOOOOO,0.0,2020-12-15 08:05:23,21
22,OK,,OK,6,6,OK,3900,OK,3.6900,300,12.3,3.6900,300,12.3,0.0000,300,0.0,7.9500,300,26.5,15.3300,300,51.1,OK,4.06,0,0.28,OK,1049.73,4429,4224,OK,96.63,2510,2514,OK,12.17,7468,OK,OK,7.87,7641,OK,OK,1017.49,4486,4277,OK,93.53,2306,2310,OK,32.21,8187,OK,OK,31.08,8119,OK,OK,0.506,0.512,OOOOOOOOOOOOOOOOOOOOOOOOOOOOOOOOOOOOOOOOOOOOOOOOOOOOOOOOOOOO,0.0,2020-12-15 08:05:23,22
23,OK,,OK,2,2,OK,3899,OK,3.8700,300,12.9,3.9900,300,13.3,0.1200,300,0.4,7.9500,300,26.5,16.4100,300,54.7,OK,4.15,0,0.27,OK,1024.24,4432,4227,OK,94.79,2506,2510,OK,11.93,7640,OK,OK,7.59,7754,OK,OK,1058.41,4484,4276,OK,97.11,2304,2308,OK,32.92,7560,OK,OK,32.34,7696,OK,OK,0.520,0.512,OOOOOOOOOOOOOOOOOOOOOOOOOOOOOOOOOOOOOOOOOOOOOOOOOOOOOOOOOOOO,0.0,2020-12-15 08:05:23,23
24,OK,,OK,4,4,OK,3895,OK,4.0500,300,13.5,3.6000,300,12.0,0.0600,300,0.2,8.4000,300,28.0,16.1100,300,53.7,OK,4.12,0,0.34,OK,971.57,4435,4230,OK,90.28,2502,2506,OK,11.23,7447,OK,OK,7.17,7238,OK,OK,1038.96,4486,4278,OK,95.01,2306,2310,OK,33.33,8646,OK,OK,32.34,8616,OK,OK,0.507,0.505,OOOOOOOOOOOOOOOOOOOOOOOOOOOOOOOOOOOOOOOOOOOOOOOOOOOOOOOOOOOO,0.0,2020-12-15 08:05:23,24
25,NG,,OK,5,6,OK,3892,OK,3.7200,300,12.4,3.7500,300,12.5,0.1800,300,0.6,7.8600,300,26.2,15.2100,300,50.7,OK,4.05,0,0.30,OK,976.43,4428,4223,OK,89.87,2509,2515,OK,11.37,7736,OK,OK,7.31,7836,OK,OK,1043.91,4478,4288,OK,94.65,2294,2297,OK,33.19,8478,OK,OK,32.34,8496,OK,NG,10327.231,0.519,OOOOOOOOOOOOOOOOOOOOOOOOOOOOOOOOOOOOOOOOOOOOOOOOOOOOOOOOOXXO,0.0,2020-12-15 08:05:23,25
26,NG,,OK,6,6,OK,3899,OK,3.3600,300,11.2,3.8100,300,12.7,0.0300,300,0.1,8.0100,300,26.7,15.3600,300,51.2,OK,4.06,0,0.32,OK,1028.33,4428,4224,OK,95.28,2508,2512,OK,11.93,7510,OK,OK,7.73,7732,OK,OK,1002.69,4488,4277,OK,92.26,2307,2310,OK,31.66,7913,OK,OK,30.67,7973,OK,NG,9146.054,0.507,OOOOOOOOOOOOOOOOOOOOOOOOOOOOOOOOOOOOOOOOOOOOOOOOOOOOOOOOOXXO,0.0,2020-12-15 08:05:23,26
27,OK,,OK,6,5,OK,3898,OK,4.0200,300,13.4,4.0500,300,13.5,0.0600,300,0.2,8.1600,300,27.2,16.1400,300,53.8,OK,4.11,0,0.31,OK,1026.39,4430,4237,OK,94.39,2512,2516,OK,11.65,7143,OK,OK,7.59,7384,OK,OK,1045.97,4482,4274,OK,96.20,2308,2312,OK,32.49,7375,OK,OK,31.92,7630,OK,OK,0.526,0.527,OOOOOOOOOOOOOOOOOOOOOOOOOOOOOOOOOOOOOOOOOOOOOOOOOOOOOOOOOOOO,0.0,2020-12-15 08:05:23,27
28,OK,,OK,4,4,OK,3900,OK,3.2400,300,10.8,3.8700,300,12.9,0.0300,300,0.1,7.8000,300,26.0,15.2400,300,50.8,OK,3.89,0,0.34,OK,1005.34,4422,4218,OK,93.26,2500,2504,OK,11.37,7046,OK,OK,7.45,7245,OK,OK,1037.08,4479,4274,OK,95.78,2298,2303,OK,32.35,7656,OK,OK,31.65,7763,OK,OK,0.523,0.522,OOOOOOOOOOOOOOOOOOOOOOOOOOOOOOOOOOOOOOOOOOOOOOOOOOOOOOOOOOOO,0.0,2020-12-15 08:05:23,28
29,NG,,OK,6,6,OK,3891,OK,3.5700,300,11.9,3.6300,300,12.1,0.0300,300,0.1,7.9500,300,26.5,14.8800,300,49.6,OK,4.21,0,0.34,OK,1000.20,4428,4224,OK,92.49,2509,2515,OK,11.51,7394,OK,OK,7.45,7495,OK,OK,1030.24,4479,4272,OK,94.48,2306,2309,OK,32.64,8213,OK,OK,31.51,8414,OK,NG,0.490,9170.451,OOOOOOOOOOOOOOOOOOOOOOOOOOOOOOOOOOOOOOOOOOOOOOOOOOOOOOOOOXOX,0.0,2020-12-15 08:05:23,29
30,NG,,OK,7,7,OK,3899,OK,3.4500,300,11.5,3.7200,300,12.4,0.0600,300,0.2,7.7400,300,25.8,14.6700,300,48.9,OK,4.13,0,0.29,OK,1042.78,4430,4227,OK,96.13,2499,2502,OK,11.93,7270,OK,OK,7.73,7302,OK,OK,1030.59,4484,4277,OK,94.61,2309,2313,OK,32.64,8283,OK,OK,31.36,8246,OK,NG,0.511,7858.194,OOOOOOOOOOOOOOOOOOOOOOOOOOOOOOOOOOOOOOOOOOOOOOOOOOOOOOOOOXOX,0.0,2020-12-15 08:05:23,30
31,OK,,OK,3,2,OK,3899,OK,3.9300,300,13.1,3.9000,300,13.0,0.0300,300,0.1,8.1000,300,27.0,15.9600,300,53.2,OK,4.09,0,0.28,OK,990.86,4431,4223,OK,90.95,2507,2510,OK,11.23,7147,OK,OK,7.31,7036,OK,OK,975.71,4484,4277,OK,89.06,2308,2311,OK,30.54,7724,OK,OK,29.83,7921,OK,OK,0.520,0.512,OOOOOOOOOOOOOOOOOOOOOOOOOOOOOOOOOOOOOOOOOOOOOOOOOOOOOOOOOOOO,0.0,2020-12-15 08:05:23,31
32,OK,,OK,3,3,OK,3899,OK,4.0200,300,13.4,3.6300,300,12.1,0.0000,300,0.0,7.6200,300,25.4,15.5700,300,51.9,OK,3.98,0,0.26,OK,1058.14,4426,4220,OK,97.15,2503,2507,OK,12.35,7686,OK,OK,7.87,7661,OK,OK,1117.48,4480,4272,OK,102.43,2308,2312,OK,35.15,8088,OK,OK,34.58,8464,OK,OK,0.514,0.515,OOOOOOOOOOOOOOOOOOOOOOOOOOOOOOOOOOOOOOOOOOOOOOOOOOOOOOOOOOOO,0.0,2020-12-15 08:05:23,32
33,OK,,OK,5,4,OK,3892,OK,4.2900,300,14.3,3.8700,300,12.9,0.0600,300,0.2,8.3100,300,27.7,16.2300,300,54.1,OK,6.07,0,0.25,OK,1010.75,4430,4226,OK,94.20,2509,2513,OK,11.51,7064,OK,OK,7.45,7045,OK,OK,1010.72,4485,4277,OK,92.16,2312,2315,OK,31.66,7973,OK,OK,30.81,8121,OK,OK,0.500,0.499,OOOOOOOOOOOOOOOOOOOOOOOOOOOOOOOOOOOOOOOOOOOOOOOOOOOOOOOOOOOO,0.0,2020-12-15 08:05:23,33
34,OK,,OK,5,5,OK,3892,OK,4.4400,300,14.8,3.8100,300,12.7,0.0900,300,0.3,7.8600,300,26.2,16.2000,300,54.0,OK,4.08,0,0.31,OK,1099.03,4428,4223,OK,100.65,2505,2509,OK,12.77,7532,OK,OK,8.15,7488,OK,OK,1088.29,4476,4267,OK,100.01,2309,2313,OK,34.17,7858,OK,OK,33.04,7769,OK,OK,0.507,0.501,OOOOOOOOOOOOOOOOOOOOOOOOOOOOOOOOOOOOOOOOOOOOOOOOOOOOOOOOOOOO,0.0,2020-12-15 08:05:23,34
35,NG,,OK,3,3,OK,3900,OK,4.3500,300,14.5,3.8400,300,12.8,0.0300,300,0.1,8.0100,300,26.7,16.2300,300,54.1,OK,4.10,0,0.21,OK,1027.19,4431,4227,OK,94.40,2509,2513,OK,11.79,7572,OK,OK,7.59,7534,OK,OK,1033.42,4483,4274,OK,94.45,2298,2302,OK,32.21,7807,OK,OK,31.51,7814,OK,NG,20639.832,0.508,OOOOOOOOOOOOOOOOOOOOOOOOOOOOOOOOOOOOOOOOOOOOOOOOOOOOOOOOOXXO,0.0,2020-12-15 08:05:23,35
36,NG,,OK,2,2,OK,3899,OK,3.3000,300,11.0,3.6600,300,12.2,0.0300,300,0.1,8.6700,300,28.9,15.9600,300,53.2,OK,4.24,0,0.24,OK,980.58,4426,4220,OK,90.13,2499,2502,OK,11.09,7169,OK,OK,7.31,7396,OK,OK,1054.43,4479,4271,OK,97.47,2312,2315,OK,33.19,8088,OK,OK,32.20,8378,OK,NG,27537.222,0.514,OOOOOOOOOOOOOOOOOOOOOOOOOOOOOOOOOOOOOOOOOOOOOOOOOOOOOOOOOXXO,0.0,2020-12-15 08:05:23,36
37,OK,,OK,3,3,OK,3899,OK,3.7500,300,12.5,3.7200,300,12.4,0.0000,300,0.0,8.0700,300,26.9,16.1400,300,53.8,OK,4.16,0,0.29,OK,997.46,4431,4225,OK,91.80,2509,2514,OK,11.23,6877,OK,OK,7.31,6976,OK,OK,972.91,4483,4285,OK,89.24,2305,2309,OK,30.68,8033,OK,OK,29.83,8171,OK,OK,0.517,0.512,OOOOOOOOOOOOOOOOOOOOOOOOOOOOOOOOOOOOOOOOOOOOOOOOOOOOOOOOOOOO,0.0,2020-12-15 08:05:23,37
38,OK,,OK,6,5,OK,3900,OK,3.7200,300,12.4,3.6600,300,12.2,0.0300,300,0.1,7.9200,300,26.4,15.9300,300,53.1,OK,4.08,0,0.27,OK,1066.45,4430,4225,OK,97.87,2507,2512,OK,12.21,7277,OK,OK,7.87,7241,OK,OK,1085.50,4480,4270,OK,100.89,2309,2312,OK,34.31,8186,OK,OK,33.18,8188,OK,OK,0.506,0.505,OOOOOOOOOOOOOOOOOOOOOOOOOOOOOOOOOOOOOOOOOOOOOOOOOOOOOOOOOOOO,0.0,2020-12-15 08:05:23,38
39,NG,,OK,0,0,OK,3906,OK,3.9600,300,13.2,3.7200,300,12.4,0.0000,300,0.0,8.6400,300,28.8,16.7700,300,55.9,OK,4.06,0,0.36,OK,1004.83,4430,4226,OK,92.85,2503,2507,OK,11.37,7486,OK,OK,7.45,7675,OK,OK,1027.62,4481,4274,OK,93.23,2302,2306,OK,31.80,7852,OK,OK,31.22,8007,OK,NG,0.508,4294967.307,OOOOOOOOOOOOOOOOOOOOOOOOOOOOOOOOOOOOOOOOOOOOOOOOOOOOOOOOOXOX,0.0,2020-12-15 08:05:23,39
40,NG,,OK,2,0,OK,3900,OK,4.1100,300,13.7,3.9600,300,13.2,0.0300,300,0.1,7.9800,300,26.6,16.3800,300,54.6,OK,4.18,0,0.41,OK,1045.79,4431,4226,OK,96.29,2502,2505,OK,11.79,7532,OK,OK,7.59,7394,OK,OK,1008.78,4484,4276,OK,93.27,2307,2311,OK,31.24,7537,OK,OK,30.81,7521,OK,NG,0.514,300.019,OOOOOOOOOOOOOOOOOOOOOOOOOOOOOOOOOOOOOOOOOOOOOOOOOOOOOOOOOXOX,0.0,2020-12-15 08:05:23,40
41,NG,,OK,4,4,NG,954,NG,0.0000,300,0.0,0.0000,300,0.0,0.0000,300,0.0,0.0000,300,0.0,-0.3000,300,-1.0,NG,0.00,0,0.01,NG,0.00,0,0,NG,0.00,0,0,NG,0.00,0,NG,NG,0.00,0,NG,NG,0.00,0,0,NG,0.00,0,0,NG,0.00,0,NG,NG,0.00,0,NG,NG,0.030,0.030,OOOXXXOOXOOXOOOOOXOOXXXOOXXXXXXXXXXXXXXXXXXXXXXXXXXXXXXXXXXX,0.0,2020-12-15 08:06:27,01
42,NG,,OK,1,2,NG,938,NG,0.0000,300,0.0,0.0000,300,0.0,0.0000,300,0.0,0.0000,300,0.0,0.0000,300,0.0,NG,0.00,0,0.01,NG,0.00,0,0,NG,0.00,0,0,NG,0.00,0,NG,NG,0.00,0,NG,NG,0.00,0,0,NG,0.00,0,0,NG,0.00,0,NG,NG,0.00,0,NG,NG,0.030,0.040,OOOXXXOOXOOXOOOOOXOOXXXOOXXXXXXXXXXXXXXXXXXXXXXXXXXXXXXXXXXX,0.0,2020-12-15 08:06:27,02
43,NG,,OK,3,4,NG,956,NG,-0.0600,300,-0.2,0.0000,300,0.0,0.0000,300,0.0,0.0000,300,0.0,0.0000,300,0.0,NG,0.00,0,0.01,NG,0.00,0,0,NG,0.00,0,0,NG,0.00,0,NG,NG,0.00,0,NG,NG,0.00,0,0,NG,0.00,0,0,NG,0.00,0,NG,NG,0.00,0,NG,NG,0.030,0.030,OOOXXXOOXOOXOOOOOXOOXXXOOXXXXXXXXXXXXXXXXXXXXXXXXXXXXXXXXXXX,0.0,2020-12-15 08:06:27,03
44,NG,,OK,1,1,NG,936,NG,0.0000,300,0.0,0.0000,300,0.0,0.0000,300,0.0,0.0000,300,0.0,0.0000,300,0.0,NG,0.00,0,0.01,NG,0.00,0,0,NG,0.00,0,0,NG,0.00,0,NG,NG,0.00,0,NG,NG,0.00,0,0,NG,0.00,0,0,NG,0.00,0,NG,NG,0.00,0,NG,NG,0.030,0.030,OOOXXXOOXOOXOOOOOXOOXXXOOXXXXXXXXXXXXXXXXXXXXXXXXXXXXXXXXXXX,0.0,2020-12-15 08:06:27,04
45,NG,,OK,3,4,NG,949,NG,0.6000,300,2.0,0.0000,300,0.0,0.0000,300,0.0,0.0000,300,0.0,0.3000,300,1.0,NG,0.00,0,0.01,NG,0.00,0,0,NG,0.00,0,0,NG,0.00,0,NG,NG,0.00,0,NG,NG,0.00,0,0,NG,0.00,0,0,NG,0.00,0,NG,NG,0.00,0,NG,NG,0.030,0.030,OOOXXXOOXOOXOOOOOXOOXXXOOXXXXXXXXXXXXXXXXXXXXXXXXXXXXXXXXXXX,0.0,2020-12-15 08:06:27,05
46,NG,,OK,5,6,NG,958,NG,0.0000,300,0.0,0.0000,300,0.0,0.0000,300,0.0,0.0000,300,0.0,0.0000,300,0.0,NG,0.00,0,0.01,NG,0.00,0,0,NG,0.00,0,0,NG,0.00,0,NG,NG,0.00,0,NG,NG,0.00,0,0,NG,0.00,0,0,NG,0.00,0,NG,NG,0.00,0,NG,NG,0.050,0.050,OOOXXXOOXOOXOOOOOXOOXXXOOXXXXXXXXXXXXXXXXXXXXXXXXXXXXXXXXXXX,0.0,2020-12-15 08:06:27,06
47,NG,,OK,3,3,NG,947,NG,0.0000,300,0.0,0.0000,300,0.0,0.0000,300,0.0,0.0000,300,0.0,0.0000,300,0.0,NG,0.00,0,0.01,NG,0.00,0,0,NG,0.00,0,0,NG,0.00,0,NG,NG,0.00,0,NG,NG,0.00,0,0,NG,0.00,0,0,NG,0.00,0,NG,NG,0.00,0,NG,NG,0.020,0.020,OOOXXXOOXOOXOOOOOXOOXXXOOXXXXXXXXXXXXXXXXXXXXXXXXXXXXXXXXXXX,0.0,2020-12-15 08:06:27,07
48,NG,,OK,4,3,NG,947,NG,0.0000,300,0.0,0.0000,300,0.0,0.0000,300,0.0,0.0000,300,0.0,0.0000,300,0.0,NG,0.00,0,0.01,NG,0.00,0,0,NG,0.00,0,0,NG,0.00,0,NG,NG,0.00,0,NG,NG,0.00,0,0,NG,0.00,0,0,NG,0.00,0,NG,NG,0.00,0,NG,NG,0.020,0.020,OOOXXXOOXOOXOOOOOXOOXXXOOXXXXXXXXXXXXXXXXXXXXXXXXXXXXXXXXXXX,0.0,2020-12-15 08:06:27,08
49,NG,,OK,6,6,NG,946,NG,0.0000,300,0.0,0.0000,300,0.0,0.0000,300,0.0,0.0000,300,0.0,-0.7500,300,-2.5,NG,0.00,0,0.01,NG,0.00,0,0,NG,0.00,0,0,NG,0.00,0,NG,NG,0.00,0,NG,NG,0.00,0,0,NG,0.00,0,0,NG,0.00,0,NG,NG,0.00,0,NG,NG,0.020,0.030,OOOXXXOOXOOXOOOOOXOOXXXOOXXXXXXXXXXXXXXXXXXXXXXXXXXXXXXXXXXX,0.0,2020-12-15 08:06:27,09
50,NG,,OK,1,1,NG,965,NG,0.0000,300,0.0,0.0000,300,0.0,0.0000,300,0.0,0.0000,300,0.0,-0.3000,300,-1.0,NG,0.00,0,0.01,NG,0.00,0,0,NG,0.00,0,0,NG,0.00,0,NG,NG,0.00,0,NG,NG,0.00,0,0,NG,0.00,0,0,NG,0.00,0,NG,NG,0.00,0,NG,NG,0.030,0.020,OOOXXXOOXOOXOOOOOXOOXXXOOXXXXXXXXXXXXXXXXXXXXXXXXXXXXXXXXXXX,0.0,2020-12-15 08:06:27,10
51,NG,,OK,5,5,NG,942,NG,0.0000,300,0.0,0.0000,300,0.0,0.0000,300,0.0,0.0000,300,0.0,0.3000,300,1.0,NG,0.00,0,0.01,NG,0.00,0,0,NG,0.00,0,0,NG,0.00,0,NG,NG,0.00,0,NG,NG,0.00,0,0,NG,0.00,0,0,NG,0.00,0,NG,NG,0.00,0,NG,NG,0.030,0.038,OOOXXXOOXOOXOOOOOXOOXXXOOXXXXXXXXXXXXXXXXXXXXXXXXXXXXXXXXXXX,0.0,2020-12-15 08:06:27,11
52,NG,,OK,3,3,NG,982,NG,0.0000,300,0.0,0.0000,300,0.0,0.0000,300,0.0,0.0000,300,0.0,0.0000,300,0.0,NG,0.00,0,0.01,NG,0.00,0,0,NG,0.00,0,0,NG,0.00,0,NG,NG,0.00,0,NG,NG,0.00,0,11,NG,0.00,0,0,NG,0.00,0,NG,NG,0.00,0,NG,NG,0.040,0.030,OOOXXXOOXOOXOOOOOXOOXXXOOXXXXXXXXXXXXXXXXXXXXXXXXXXXXXXXXXXX,0.0,2020-12-15 08:06:27,12
53,NG,,OK,5,5,NG,945,NG,0.0000,300,0.0,0.0000,300,0.0,0.0000,300,0.0,0.0000,300,0.0,0.0000,300,0.0,NG,0.00,0,0.01,NG,0.00,0,0,NG,0.00,0,0,NG,0.00,0,NG,NG,0.00,0,NG,NG,0.00,0,0,NG,0.00,0,0,NG,0.00,0,NG,NG,0.00,0,NG,NG,0.030,0.030,OOOXXXOOXOOXOOOOOXOOXXXOOXXXXXXXXXXXXXXXXXXXXXXXXXXXXXXXXXXX,0.0,2020-12-15 08:06:27,13
54,NG,,OK,4,4,NG,1451,NG,0.0000,300,0.0,0.0000,300,0.0,0.0000,300,0.0,0.0000,300,0.0,0.0000,300,0.0,NG,0.00,0,0.01,NG,0.00,0,0,NG,0.00,0,0,NG,0.00,0,NG,NG,0.00,0,NG,NG,0.00,0,0,NG,0.00,0,0,NG,0.00,0,NG,NG,0.00,0,NG,NG,0.030,0.040,OOOXXXOOXOOXOOOOOXOOXXXOOXXXXXXXXXXXXXXXXXXXXXXXXXXXXXXXXXXX,0.0,2020-12-15 08:06:27,14
55,NG,,OK,5,5,OK,3899,NG,4.5300,300,15.1,3.9600,300,13.2,0.0000,300,0.0,10.9500,300,36.5,19.4400,300,64.8,OK,4.04,0,0.32,OK,1046.28,4425,4223,OK,96.54,2507,2511,OK,11.97,7310,OK,OK,7.73,7422,OK,OK,1041.80,4476,4272,OK,96.69,2297,2301,OK,32.59,7384,OK,OK,31.88,7421,OK,OK,0.506,0.512,OOOOOXOOOOOOOOOOOOOOXOOOOOOOOOOOOOOOOOOOOOOOOOOOOOOOOOOOOOOO,0.0,2020-12-15 08:06:27,15
56,NG,,OK,4,7,OK,3899,NG,3.2400,300,10.8,89.9700,300,299.9,0.0000,300,0.0,89.9700,300,299.9,183.1800,300,610.6,NG,1.65,0,0.10,OK,1014.46,4428,4226,OK,92.54,2506,2510,OK,11.05,5749,OK,OK,6.89,5861,OK,NG,0.00,4415,4215,NG,109.80,2420,2491,NG,31.62,5350,OK,NG,80.40,13100,NG,OK,0.513,0.507,OOOOOXOOOOOXOOOOOXOOXXXOOOOOOOOOOOOOOOOOOXXXXXOXXXOXOXXXXOOO,0.0,2020-12-15 08:06:27,16
57,NG,,OK,2,3,OK,3904,NG,4.4400,300,14.8,3.8700,300,12.9,0.0900,300,0.3,89.9700,300,299.9,98.3700,300,327.9,OK,7.25,0,0.29,NG,0.00,4365,4312,NG,0.30,2629,2630,NG,4.65,11800,NG,NG,51.45,11800,NG,OK,1056.71,4478,4275,OK,96.46,2309,2312,OK,32.95,7730,OK,OK,31.96,8050,OK,OK,0.507,0.495,OOOOOXOOOOOOOOOOOXOOXOOOOXXXXXXXXXXXXXXXXOOOOOOOOOOOOOOOOOOO,0.0,2020-12-15 08:06:27,17
58,NG,,OK,2,2,OK,3902,NG,3.6300,300,12.1,4.0800,300,13.6,0.2100,300,0.7,89.9700,300,299.9,97.8900,300,326.3,OK,7.31,0,0.27,NG,0.00,4365,4313,NG,0.02,2630,2631,NG,4.65,11800,NG,NG,51.45,11800,NG,OK,999.58,4482,4278,OK,91.91,2305,2309,OK,31.06,7339,OK,OK,30.48,7185,OK,OK,0.516,0.507,OOOOOXOOOOOOOOOOOXOOXOOOOXXXXXXXXXXXXXXXXOOOOOOOOOOOOOOOOOOO,0.0,2020-12-15 08:06:27,18
59,NG,,OK,5,5,OK,3893,NG,3.0000,300,10.0,3.6600,300,12.2,0.0300,300,0.1,89.9700,300,299.9,97.2600,300,324.2,OK,7.24,0,0.24,NG,0.00,4365,4310,NG,0.00,2629,2630,NG,5.21,11800,NG,NG,51.45,11800,NG,OK,1071.81,4475,4273,OK,98.47,2306,2309,OK,33.79,8212,OK,OK,33.08,8389,OK,OK,0.505,0.498,OOOOOXOOOOOOOOOOOXOOXOOOOXXXXXXXXXXXXXXXXOOOOOOOOOOOOOOOOOOO,0.0,2020-12-15 08:06:27,19
60,NG,,OK,3,3,OK,3893,NG,3.7200,300,12.4,3.7500,300,12.5,0.0000,300,0.0,89.9700,300,299.9,97.4400,300,324.8,OK,7.26,0,0.29,NG,0.00,4365,4315,NG,0.00,2629,2630,NG,4.65,11800,NG,NG,51.45,11800,NG,OK,1067.06,4478,4276,OK,97.94,2307,2311,OK,32.82,7441,OK,OK,32.24,7557,OK,OK,0.490,0.519,OOOOOXOOOOOOOOOOOXOOXOOOOXXXXXXXXXXXXXXXXOOOOOOOOOOOOOOOOOOO,0.0,2020-12-15 08:06:27,20
61,NG,,OK,4,3,OK,3906,NG,5.2800,300,17.6,89.9700,300,299.9,0.0600,300,0.2,9.5100,300,31.7,105.4200,300,351.4,OK,7.16,0,0.29,OK,1008.88,4423,4219,OK,92.71,2496,2502,OK,11.61,7133,OK,OK,7.31,6806,OK,NG,0.00,4415,4364,NG,0.51,2430,2431,NG,4.65,13100,NG,NG,80.40,13100,NG,OK,0.507,0.506,OOOOOXOOOOOXOOOOOOOOXOOOOOOOOOOOOOOOOOOOOXXXXXXXXXXXXXXXXOOO,0.0,2020-12-15 08:06:27,21
62,NG,,OK,6,7,OK,3900,NG,3.4500,300,11.5,89.9700,300,299.9,0.0000,300,0.0,7.5300,300,25.1,100.9500,300,336.5,NG,1.54,0,0.11,OK,1023.57,4426,4223,OK,94.08,2499,2503,OK,11.61,7013,OK,OK,7.59,7064,OK,NG,0.00,4415,4215,NG,119.40,2420,2491,NG,34.77,5350,OK,NG,80.40,13100,NG,OK,0.500,0.509,OOOOOXOOOOOXOOOOOOOOXXXOOOOOOOOOOOOOOOOOOXXXXXOXXXOXOXXXXOOO,0.0,2020-12-15 08:06:27,22
63,NG,,OK,2,2,OK,3899,NG,3.3600,300,11.2,89.9700,300,299.9,0.0600,300,0.2,9.0000,300,30.0,102.8700,300,342.9,NG,84.34,0,84.34,NG,0.00,0,0,NG,0.00,0,0,NG,0.00,0,NG,NG,0.00,0,NG,NG,0.00,0,0,NG,0.00,0,0,NG,0.00,0,NG,NG,0.00,0,NG,NG,0.030,0.030,OOOOOXOOOOOXOOOOOOOOXXXOXXXXXXXXXXXXXXXXXXXXXXXXXXXXXXXXXXXX,0.0,2020-12-15 08:06:27,23
64,NG,,OK,4,10,OK,3895,NG,3.5400,300,11.8,89.9700,300,299.9,0.0300,300,0.1,89.9700,300,299.9,183.5100,300,611.7,NG,1.14,0,0.02,OK,1021.31,4428,4225,OK,93.74,2495,2500,OK,11.41,6865,OK,OK,7.59,6834,OK,NG,0.00,4415,4215,NG,0.00,2430,2488,NG,4.65,13100,NG,NG,80.40,13100,NG,OK,0.499,0.491,OOOOOXOOOOOXOOOOOXOOXXXOOOOOOOOOOOOOOOOOOXXXXXXXXXXXXXXXXOOO,0.0,2020-12-15 08:06:27,24
65,NG,,OK,5,5,OK,3892,OK,4.1400,300,13.8,3.9000,300,13.0,0.1800,300,0.6,8.4600,300,28.2,16.3800,300,54.6,OK,4.05,0,0.32,OK,1032.80,4427,4223,OK,94.66,2497,2503,OK,11.83,7441,OK,OK,7.73,7732,OK,OK,1006.85,4472,4287,OK,92.63,2307,2311,OK,32.04,8279,OK,OK,30.77,8212,OK,NG,0.336,0.519,OOOOOOOOOOOOOOOOOOOOOOOOOOOOOOOOOOOOOOOOOOOOOOOOOOOOOOOOOXXO,0.0,2020-12-15 08:06:27,25
66,NG,,OK,6,6,OK,3899,OK,3.7500,300,12.5,3.6900,300,12.3,0.0300,300,0.1,8.2500,300,27.5,15.8700,300,52.9,OK,4.10,0,0.30,OK,1000.45,4424,4220,OK,92.35,2499,2503,OK,11.75,7582,OK,OK,7.45,7755,OK,OK,1054.02,4476,4273,OK,95.65,2293,2297,OK,33.23,8297,OK,OK,32.38,8246,OK,NG,0.512,0.329,OOOOOOOOOOOOOOOOOOOOOOOOOOOOOOOOOOOOOOOOOOOOOOOOOOOOOOOOOXOX,0.0,2020-12-15 08:06:27,26
67,NG,,OK,6,6,NG,959,NG,0.0000,300,0.0,0.0000,300,0.0,0.0000,300,0.0,0.0000,300,0.0,-0.1500,300,-0.5,NG,0.00,0,0.01,NG,0.00,0,10,NG,0.00,0,0,NG,0.00,0,NG,NG,0.00,0,NG,NG,0.00,0,0,NG,0.00,0,0,NG,0.00,0,NG,NG,0.00,0,NG,NG,0.041,0.040,OOOXXXOOXOOXOOOOOXOOXXXOOXXXXXXXXXXXXXXXXXXXXXXXXXXXXXXXXXXX,0.0,2020-12-15 08:06:27,27
68,NG,,OK,4,4,NG,950,NG,0.0000,300,0.0,0.0000,300,0.0,0.0000,300,0.0,0.0000,300,0.0,0.3000,300,1.0,NG,0.00,0,0.01,NG,0.00,0,0,NG,0.00,0,0,NG,0.00,0,NG,NG,0.00,0,NG,NG,0.00,0,0,NG,0.00,0,0,NG,0.00,0,NG,NG,0.00,0,NG,NG,0.040,0.040,OOOXXXOOXOOXOOOOOXOOXXXOOXXXXXXXXXXXXXXXXXXXXXXXXXXXXXXXXXXX,0.0,2020-12-15 08:06:27,28
69,NG,,OK,6,6,NG,947,NG,0.0000,300,0.0,0.0000,300,0.0,0.0000,300,0.0,0.0000,300,0.0,-0.3000,300,-1.0,NG,0.00,0,0.01,NG,0.00,0,0,NG,0.00,0,0,NG,0.00,0,NG,NG,0.00,0,NG,NG,0.00,0,0,NG,0.00,0,0,NG,0.00,0,NG,NG,0.00,0,NG,NG,0.000,0.010,OOOXXXOOXOOXOOOOOXOOXXXOOXXXXXXXXXXXXXXXXXXXXXXXXXXXXXXXXXXX,0.0,2020-12-15 08:06:27,29
70,NG,,OK,6,6,NG,927,NG,0.0000,300,0.0,0.0000,300,0.0,0.0000,300,0.0,0.0000,300,0.0,-0.3000,300,-1.0,NG,0.00,0,0.01,NG,0.00,0,0,NG,0.00,0,0,NG,0.00,0,NG,NG,0.00,0,NG,NG,0.00,0,0,NG,0.00,0,0,NG,0.00,0,NG,NG,0.00,0,NG,NG,0.030,0.030,OOOXXXOOXOOXOOOOOXOOXXXOOXXXXXXXXXXXXXXXXXXXXXXXXXXXXXXXXXXX,0.0,2020-12-15 08:06:27,30
71,NG,,OK,5,3,NG,961,NG,0.0000,300,0.0,0.0000,300,0.0,0.0000,300,0.0,0.0000,300,0.0,0.0000,300,0.0,NG,0.00,0,0.01,NG,0.00,0,0,NG,0.00,0,0,NG,0.00,0,NG,NG,0.00,0,NG,NG,0.00,0,0,NG,0.00,0,0,NG,0.00,0,NG,NG,0.00,0,NG,NG,0.030,0.030,OOOXXXOOXOOXOOOOOXOOXXXOOXXXXXXXXXXXXXXXXXXXXXXXXXXXXXXXXXXX,0.0,2020-12-15 08:06:27,31
72,NG,,OK,3,3,NG,933,NG,0.6000,300,2.0,0.0000,300,0.0,0.0000,300,0.0,0.0000,300,0.0,0.9000,300,3.0,NG,0.00,0,0.01,NG,0.00,0,0,NG,0.00,0,0,NG,0.00,0,NG,NG,0.00,0,NG,NG,0.00,0,0,NG,0.00,0,0,NG,0.00,0,NG,NG,0.00,0,NG,NG,0.030,0.030,OOOXXXOOXOOXOOOOOXOOXXXOOXXXXXXXXXXXXXXXXXXXXXXXXXXXXXXXXXXX,0.0,2020-12-15 08:06:27,32
73,NG,,OK,4,4,NG,940,NG,0.0000,300,0.0,0.0000,300,0.0,0.0000,300,0.0,0.0000,300,0.0,-0.3000,300,-1.0,NG,2.00,0,0.01,NG,0.00,0,0,NG,0.00,0,0,NG,0.00,0,NG,NG,0.00,0,NG,NG,0.00,0,0,NG,0.00,0,0,NG,0.00,0,NG,NG,0.00,0,NG,NG,0.020,0.020,OOOXXXOOXOOXOOOOOXOOXXXOOXXXXXXXXXXXXXXXXXXXXXXXXXXXXXXXXXXX,0.0,2020-12-15 08:06:27,33
74,NG,,OK,5,5,NG,952,NG,0.0000,300,0.0,0.0000,300,0.0,0.0000,300,0.0,0.0000,300,0.0,0.0000,300,0.0,NG,0.00,0,0.01,NG,0.00,0,0,NG,0.00,0,0,NG,0.00,0,NG,NG,0.00,0,NG,NG,0.00,0,0,NG,0.00,0,0,NG,0.00,0,NG,NG,0.00,0,NG,NG,0.040,0.040,OOOXXXOOXOOXOOOOOXOOXXXOOXXXXXXXXXXXXXXXXXXXXXXXXXXXXXXXXXXX,0.0,2020-12-15 08:06:27,34
75,NG,,OK,3,3,NG,930,NG,0.0000,300,0.0,0.0000,300,0.0,0.0000,300,0.0,0.0000,300,0.0,0.0000,300,0.0,NG,0.00,0,0.01,NG,0.00,0,0,NG,0.00,0,0,NG,0.00,0,NG,NG,0.00,0,NG,NG,0.00,0,0,NG,0.00,0,0,NG,0.00,0,NG,NG,0.00,0,NG,NG,0.020,0.030,OOOXXXOOXOOXOOOOOXOOXXXOOXXXXXXXXXXXXXXXXXXXXXXXXXXXXXXXXXXX,0.0,2020-12-15 08:06:27,35
76,NG,,OK,2,2,NG,943,NG,-0.6000,300,-2.0,0.0000,300,0.0,0.0000,300,0.0,0.0000,300,0.0,-0.3000,300,-1.0,NG,0.00,0,0.01,NG,0.00,0,0,NG,0.00,0,0,NG,0.00,0,NG,NG,0.00,0,NG,NG,0.00,0,0,NG,0.00,0,0,NG,0.00,0,NG,NG,0.00,0,NG,NG,0.030,0.030,OOOXXXOOXOOXOOOOOXOOXXXOOXXXXXXXXXXXXXXXXXXXXXXXXXXXXXXXXXXX,0.0,2020-12-15 08:06:27,36
77,NG,,OK,3,3,NG,945,NG,0.0000,300,0.0,0.0000,300,0.0,0.0000,300,0.0,0.0000,300,0.0,0.6000,300,2.0,NG,0.00,0,0.01,NG,0.00,0,0,NG,0.00,0,0,NG,0.00,0,NG,NG,0.00,0,NG,NG,0.00,0,10,NG,0.00,0,0,NG,0.00,0,NG,NG,0.00,0,NG,NG,0.040,0.030,OOOXXXOOXOOXOOOOOXOOXXXOOXXXXXXXXXXXXXXXXXXXXXXXXXXXXXXXXXXX,0.0,2020-12-15 08:06:27,37
78,NG,,OK,5,5,NG,968,NG,0.0000,300,0.0,0.0000,300,0.0,0.0000,300,0.0,0.0000,300,0.0,0.6000,300,2.0,NG,0.00,0,0.01,NG,0.00,0,0,NG,0.00,0,0,NG,0.00,0,NG,NG,0.00,0,NG,NG,0.00,0,0,NG,0.00,0,0,NG,0.00,0,NG,NG,0.00,0,NG,NG,0.025,0.030,OOOXXXOOXOOXOOOOOXOOXXXOOXXXXXXXXXXXXXXXXXXXXXXXXXXXXXXXXXXX,0.0,2020-12-15 08:06:27,38
79,NG,,OK,0,0,NG,980,NG,0.0000,300,0.0,0.0000,300,0.0,0.0000,300,0.0,0.0000,300,0.0,0.4500,300,1.5,NG,0.00,0,0.01,NG,0.00,0,0,NG,0.00,0,0,NG,0.00,0,NG,NG,0.00,0,NG,NG,0.00,0,0,NG,0.00,0,0,NG,0.00,0,NG,NG,0.00,0,NG,NG,0.020,0.030,OOOXXXOOXOOXOOOOOXOOXXXOOXXXXXXXXXXXXXXXXXXXXXXXXXXXXXXXXXXX,0.0,2020-12-15 08:06:27,39
80,NG,,OK,1,0,NG,987,NG,0.0000,300,0.0,0.0000,300,0.0,0.0000,300,0.0,0.0000,300,0.0,0.3000,300,1.0,NG,0.00,0,0.01,NG,0.00,0,0,NG,0.00,0,0,NG,0.00,0,NG,NG,0.00,0,NG,NG,0.00,0,0,NG,0.00,0,0,NG,0.00,0,NG,NG,0.00,0,NG,NG,0.020,0.020,OOOXXXOOXOOXOOOOOXOOXXXOOXXXXXXXXXXXXXXXXXXXXXXXXXXXXXXXXXXX,0.0,2020-12-15 08:06:27,40
